<?xml version="1.0" encoding="UTF-8"?>
<!--
	Licensed to the Apache Software Foundation (ASF) under one or more
	contributor license agreements.  See the NOTICE file distributed with
	this work for additional information regarding copyright ownership.
	The ASF licenses this file to You under the Apache License, Version 2.0
	(the "License"); you may not use this file except in compliance with
	the License.  You may obtain a copy of the License at

	     http://www.apache.org/licenses/LICENSE-2.0

	Unless required by applicable law or agreed to in writing, software
	distributed under the License is distributed on an "AS IS" BASIS,
	WITHOUT WARRANTIES OR CONDITIONS OF ANY KIND, either express or implied.
	See the License for the specific language governing permissions and
	limitations under the License.
-->
<cache
    xmlns="http://geode.apache.org/schema/cache"
    xmlns:xsi="http://www.w3.org/2001/XMLSchema-instance"
    xsi:schemaLocation="http://geode.apache.org/schema/cache http://geode.apache.org/schema/cache/cache-1.0.xsd"
    version="1.0">

  <!-- Uncomment the following disk-store element to modify the default disk store directory -->
  <!--
  <disk-store name="DEFAULT">
    <disk-dirs>
      <disk-dir>/path/to/persistent/data</disk-dir>
    </disk-dirs>
  </disk-store>
  -->

  <!-- This is the definition of the default session region -->
  <!--
  <region name="gemfire_modules_sessions">
    <region-attributes scope="distributed-ack" enable-gateway="false" data-policy="replicate" statistics-enabled="true">
      <entry-idle-time>
        <expiration-attributes timeout="0" action="invalidate">
          <custom-expiry>
            <class-name>com.gemstone.gemfire.modules.util.SessionCustomExpiry</class-name>
          </custom-expiry>
        </expiration-attributes>
      </entry-idle-time>
    </region-attributes>
  </region>
  -->
  
</cache>
